epoch,lr,train_loss,train_acc,test_loss,test_acc,time_sec
1,0.1,2.4933472583770753,16.796,1.9483595005035401,27.48,28.96709632873535
2,0.1,1.6031483480072022,39.422,1.3944992362976074,48.65,26.098958492279053
3,0.1,1.2009594955062866,56.398,1.076852993774414,61.44,25.879075288772583
4,0.1,0.9354639349746704,66.94,1.0324221466064454,63.32,25.896034955978394
5,0.1,0.7783966813468933,72.988,0.874043244934082,69.28,26.073879718780518
6,0.1,0.6891428681373596,76.404,0.9530135169029236,68.88,25.884875297546387
7,0.1,0.6516266601753234,77.842,1.0523338659286499,67.29,25.949116706848145
8,0.1,0.6077900478553772,79.274,0.8805796255111694,71.39,25.93689775466919
9,0.1,0.5801303495407104,80.302,0.6089994760513305,79.87,25.8664653301239
10,0.1,0.5580203085136414,81.038,0.7273947276115418,76.26,25.894772052764893
11,0.1,0.5455830496883393,81.482,0.6421752013206482,78.56,25.940044164657593
12,0.1,0.5307229525375367,82.082,0.8141796367645263,72.27,25.97277069091797
13,0.1,0.5119129627132416,82.702,0.7708484752655029,75.32,25.924367427825928
14,0.1,0.504185381565094,82.958,0.6533974515914917,77.8,25.93772530555725
15,0.1,0.49761007915496824,83.166,0.49758557720184327,82.74,25.923804998397827
16,0.1,0.4843480134010315,83.562,0.9695570640563965,71.71,25.92920184135437
17,0.1,0.4718519291305542,84.216,0.6565041383266449,77.91,25.87477707862854
18,0.1,0.4716699859428406,84.024,0.6721163814544677,78.08,26.001194953918457
19,0.1,0.46765031883239744,84.224,0.5281673871040344,82.44,25.915640354156494
20,0.1,0.45907569622039796,84.45,0.5810871170043945,80.51,25.91136145591736
21,0.1,0.45613263027191164,84.632,0.7459920622348786,76.95,25.988884210586548
22,0.1,0.4441996423816681,85.002,0.6946090838432312,76.57,25.90313982963562
23,0.1,0.4466963905715942,84.736,0.4567024777889252,84.69,25.94312620162964
24,0.1,0.4414290573501587,85.184,0.7458114362716675,77.22,25.920646905899048
25,0.1,0.43715018827438357,85.19,0.6805934232711792,77.54,25.917763471603394
26,0.1,0.4401298371219635,85.246,0.4649956015586853,84.44,25.9310200214386
27,0.1,0.42819927223205567,85.604,0.7599248429298401,75.61,25.977872848510742
28,0.1,0.43244062162399294,85.456,0.6022164904594421,79.85,26.11115288734436
29,0.1,0.4267931867790222,85.798,0.8838150259971619,74.37,25.955600023269653
30,0.1,0.42677294320106507,85.664,0.7293108736038209,76.21,25.93095850944519
31,0.1,0.42670363233566283,85.612,0.624219212436676,79.65,25.906896591186523
32,0.1,0.4239707673454285,85.632,0.7453087182044983,76.13,26.00061535835266
33,0.1,0.4142285123348236,85.99,0.640441037273407,79.16,25.89711880683899
34,0.1,0.4167686655712128,85.94,0.5546873511314392,81.16,25.913447618484497
35,0.1,0.4078062676811218,86.19,0.5347371086597442,81.88,25.97497534751892
36,0.1,0.410122009305954,86.19,0.6486965631961823,78.61,25.976327896118164
37,0.1,0.41086083461761475,86.154,0.6386423460006714,79.43,25.88392996788025
38,0.1,0.40310846210479734,86.372,0.7274295755386353,77.08,25.981566667556763
39,0.1,0.4116771779251099,86.014,0.606610171508789,80.23,25.923406839370728
40,0.1,0.4057362057685852,86.318,0.62479199924469,79.88,25.937914848327637
41,0.1,0.4103782065010071,86.064,0.856850906085968,72.3,25.940669059753418
42,0.1,0.40218510118484496,86.394,0.5621267330169678,81.41,25.96833372116089
43,0.1,0.3983920800018311,86.616,0.6107937351226806,80.58,25.908472299575806
44,0.1,0.40212725203990934,86.458,0.5484476029872895,81.37,25.95231533050537
45,0.1,0.3989811674690247,86.468,0.5863870009422302,81.58,25.937035083770752
46,0.1,0.4058367587852478,86.314,0.6481144310951233,78.44,25.885953426361084
47,0.1,0.39750559955596926,86.514,0.5506960971832275,82.31,25.97799324989319
48,0.1,0.39055987775802614,86.78,0.5449614542007446,82.05,25.960813283920288
49,0.1,0.39735070830345154,86.756,0.5241579811573028,82.26,25.89597225189209
50,0.010000000000000002,0.3935467010498047,86.652,0.5884438890457153,81.13,25.952805280685425
51,0.010000000000000002,0.23107491276741027,92.192,0.261632066488266,91.42,25.997873306274414
52,0.010000000000000002,0.17979157094717027,93.896,0.24728536777496338,92.01,25.834063291549683
53,0.010000000000000002,0.16092708431243896,94.574,0.2442973838329315,91.83,25.94801163673401
54,0.010000000000000002,0.14692677480697633,94.778,0.23998309898376466,92.15,25.91148567199707
55,0.010000000000000002,0.13593050906658172,95.296,0.23918505458831787,91.99,25.906901121139526
56,0.010000000000000002,0.12675641909599303,95.556,0.24360597100257875,92.0,25.90733766555786
57,0.010000000000000002,0.11870200052261352,96.004,0.24046853771209717,92.4,25.952342987060547
58,0.010000000000000002,0.11106378221035004,96.23,0.24703547472953796,92.33,25.870188236236572
59,0.010000000000000002,0.10389550686597825,96.436,0.24722344589233397,92.29,26.36509346961975
60,0.010000000000000002,0.09885518961429596,96.572,0.24503172769546508,92.25,25.93603515625
61,0.010000000000000002,0.09565517640590668,96.63,0.2533946925163269,92.26,25.940155267715454
62,0.010000000000000002,0.09076088732481002,96.892,0.2729395724773407,91.77,25.91387391090393
63,0.010000000000000002,0.08771104146242142,96.964,0.25929704995155334,92.36,25.95508337020874
64,0.010000000000000002,0.08858085730791092,96.834,0.25763148875236513,92.25,26.176973819732666
65,0.010000000000000002,0.0811116475391388,97.248,0.2645628575325012,92.12,25.920885801315308
66,0.010000000000000002,0.08409146479606629,96.974,0.2676932538509369,92.16,25.95734739303589
67,0.010000000000000002,0.08113201564788819,97.08,0.25178188819885255,92.74,26.10549545288086
68,0.010000000000000002,0.0764785495853424,97.358,0.270141250705719,92.11,25.909149408340454
69,0.010000000000000002,0.07689270514011383,97.266,0.276256767988205,91.78,25.972820281982422
70,0.010000000000000002,0.07659466946005822,97.342,0.2880561462402344,91.82,25.92373013496399
71,0.010000000000000002,0.07683979358673096,97.32,0.2555961855888367,92.39,25.96104121208191
72,0.010000000000000002,0.07904969975948334,97.29,0.27462355880737305,91.77,26.111725330352783
73,0.010000000000000002,0.07368485505104065,97.448,0.27547458844184874,91.95,26.131487369537354
74,0.010000000000000002,0.07849591779112816,97.316,0.28683041372299195,91.42,25.935653924942017
75,0.010000000000000002,0.0744619067311287,97.414,0.27580314149856566,91.98,25.96012830734253
76,0.010000000000000002,0.07811985971927643,97.26,0.30276424379348754,91.43,26.10916256904602
77,0.010000000000000002,0.07613219183921814,97.364,0.28282314863204955,91.66,25.956650972366333
78,0.010000000000000002,0.07514140846729278,97.368,0.2772027707576752,91.92,25.92279553413391
79,0.010000000000000002,0.07775410012245178,97.338,0.2792384659290314,91.63,25.96410083770752
80,0.010000000000000002,0.07649730469226837,97.368,0.2690595330715179,91.92,25.986099004745483
81,0.010000000000000002,0.08015869651079179,97.212,0.273953919506073,92.19,26.129750967025757
82,0.010000000000000002,0.07569333252668381,97.382,0.28101653571128843,91.51,26.063798427581787
83,0.010000000000000002,0.07778830668687821,97.29,0.3084426136493683,91.31,25.995083570480347
84,0.010000000000000002,0.07757224259614945,97.252,0.3034257976055145,91.09,25.94499182701111
85,0.010000000000000002,0.08341626132726669,97.098,0.30103900952339174,91.18,25.92518401145935
86,0.010000000000000002,0.07679111501932144,97.278,0.302382488822937,91.17,25.943140029907227
87,0.010000000000000002,0.0768941479897499,97.4,0.31045118017196655,91.03,25.92711615562439
88,0.010000000000000002,0.08059878841876984,97.148,0.3145676526069641,90.94,25.921897888183594
89,0.010000000000000002,0.07452577100753784,97.484,0.2971635327339172,91.35,25.961875677108765
90,0.010000000000000002,0.07981297611713409,97.238,0.3065768669605255,91.12,25.96597671508789
91,0.010000000000000002,0.08246050397157668,97.218,0.3395537419319153,90.21,25.892977237701416
92,0.010000000000000002,0.07717343354225159,97.378,0.3022366578102112,91.51,25.97273588180542
93,0.010000000000000002,0.07980574052333832,97.222,0.2959929791450501,91.51,26.358023405075073
94,0.010000000000000002,0.07683715930700302,97.346,0.32936920926570895,90.65,25.937016248703003
95,0.010000000000000002,0.080143175624609,97.182,0.33144050822258,90.68,25.901073694229126
96,0.010000000000000002,0.08213389434099197,97.168,0.3116075982570648,90.67,25.977782487869263
97,0.010000000000000002,0.07384920663356781,97.448,0.3100797393798828,91.18,25.915687322616577
98,0.010000000000000002,0.07890652763843536,97.304,0.30093134026527407,91.24,25.923070907592773
99,0.010000000000000002,0.07963591832637787,97.2,0.32357814135551455,90.78,25.989585399627686
100,0.0010000000000000002,0.07809274680137634,97.23,0.2977654607772827,91.44,26.121633529663086
101,0.0010000000000000002,0.04195188226819038,98.636,0.24475944619178772,92.82,25.94927716255188
102,0.0010000000000000002,0.028212657685279845,99.094,0.2423305992603302,93.07,26.06120467185974
103,0.0010000000000000002,0.021999594116210937,99.396,0.24304810190200807,92.98,26.146881103515625
104,0.0010000000000000002,0.018833750566840172,99.49,0.24317719068527222,93.21,26.097252368927002
105,0.0010000000000000002,0.01753378331065178,99.474,0.24365037488937377,93.19,26.10393214225769
106,0.0010000000000000002,0.015871262785196304,99.57,0.2478385841369629,93.2,25.95796298980713
107,0.0010000000000000002,0.01518334147721529,99.554,0.2454197163105011,93.34,26.087892770767212
108,0.0010000000000000002,0.01235953020632267,99.654,0.24921364784240724,93.43,26.125418186187744
109,0.0010000000000000002,0.012386695349514485,99.642,0.2459337667942047,93.54,26.116791009902954
110,0.0010000000000000002,0.012116334754824638,99.694,0.25072423310279845,93.4,26.035319328308105
111,0.0010000000000000002,0.010373369248658419,99.704,0.2502439212322235,93.47,25.99471092224121
112,0.0010000000000000002,0.011475884845256806,99.674,0.2514163663387299,93.54,26.142815351486206
113,0.0010000000000000002,0.009447171595320105,99.772,0.25352822198867797,93.46,26.1319363117218
114,0.0010000000000000002,0.010105095468536019,99.732,0.2526336382865906,93.63,25.946907997131348
115,0.0010000000000000002,0.00906774132952094,99.768,0.2522860702514648,93.5,26.097888946533203
116,0.0010000000000000002,0.00785827890843153,99.824,0.25369194984436033,93.55,26.321763038635254
117,0.0010000000000000002,0.007999007021188735,99.806,0.25580092606544497,93.58,25.933944702148438
118,0.0010000000000000002,0.007986674872934819,99.816,0.2556705557346344,93.65,25.94771385192871
119,0.0010000000000000002,0.007480140124708414,99.828,0.2559692408561707,93.57,25.88882565498352
120,0.0010000000000000002,0.006864023693501949,99.848,0.25213204617500307,93.76,25.95318865776062
121,0.0010000000000000002,0.007095693076252937,99.846,0.25815331134796143,93.57,26.12001371383667
122,0.0010000000000000002,0.006805345306918025,99.83,0.2556645489692688,93.77,25.885703802108765
123,0.0010000000000000002,0.006993996761441231,99.816,0.2567117209434509,93.77,25.892749786376953
124,0.0010000000000000002,0.006536969243437052,99.84,0.2546282863616943,93.81,25.97104239463806
125,0.0010000000000000002,0.006640495944321156,99.84,0.2553969020366669,93.82,25.85916042327881
126,0.0010000000000000002,0.005884833914935589,99.868,0.2589133240699768,93.68,25.94303059577942
127,0.0010000000000000002,0.006125353087335825,99.858,0.2569241328716278,93.65,25.92972731590271
128,0.0010000000000000002,0.006189842167943716,99.832,0.25781040897369384,93.87,25.88712191581726
129,0.0010000000000000002,0.005580963968336582,99.87,0.2603422004699707,93.74,25.94499444961548
130,0.0010000000000000002,0.0058453679116070275,99.858,0.25964119958877563,93.62,25.90258264541626
131,0.0010000000000000002,0.006125928663425147,99.858,0.258586559343338,93.72,25.920178174972534
132,0.0010000000000000002,0.00544458640024066,99.886,0.2582265376806259,93.87,25.972158670425415
133,0.0010000000000000002,0.005632868325561285,99.864,0.2610031364440918,93.72,25.979543209075928
134,0.0010000000000000002,0.00496113250374794,99.878,0.2596691203594208,93.88,25.89136242866516
135,0.0010000000000000002,0.00506487877368927,99.876,0.2604730056762695,93.8,25.89814043045044
136,0.0010000000000000002,0.005255796587914229,99.888,0.2575116463422775,93.83,25.959988117218018
137,0.0010000000000000002,0.0048732597593963145,99.902,0.25852193751335145,93.8,25.88298797607422
138,0.0010000000000000002,0.004353095503300429,99.91,0.2621609058856964,93.68,25.982787609100342
139,0.0010000000000000002,0.004567423896491528,99.9,0.2612054316520691,93.63,25.9654381275177
140,0.0010000000000000002,0.0050544394512474534,99.868,0.2614819983959198,93.75,25.920225143432617
141,0.0010000000000000002,0.004574972600191831,99.898,0.26180758891105654,93.85,25.957275867462158
142,0.0010000000000000002,0.004792007327824831,99.892,0.2622262064695358,93.63,25.92578887939453
143,0.0010000000000000002,0.004065418505966663,99.93,0.26474393038749694,93.68,26.167991638183594
144,0.0010000000000000002,0.004334819739311934,99.91,0.2612370820045471,93.88,25.902923822402954
145,0.0010000000000000002,0.004358949562758207,99.914,0.26226376354694364,93.95,25.93316102027893
146,0.0010000000000000002,0.003782694533467293,99.938,0.2595958281517029,93.91,25.908774375915527
147,0.0010000000000000002,0.004184274555072189,99.904,0.2645463819026947,93.76,25.943373680114746
148,0.0010000000000000002,0.004287183390557766,99.906,0.2638106071472168,93.88,25.936928510665894
149,0.0010000000000000002,0.0042209596429765225,99.898,0.2628325560569763,93.82,25.959936141967773
150,0.00010000000000000003,0.0042685538670420645,99.912,0.26364863691329954,93.83,25.93717074394226
151,0.00010000000000000003,0.003657688242048025,99.936,0.2644988648891449,93.82,25.90480375289917
152,0.00010000000000000003,0.0038720639961212873,99.926,0.2631335975885391,93.87,25.965140104293823
153,0.00010000000000000003,0.00395777814000845,99.924,0.263501103591919,93.85,26.55121660232544
154,0.00010000000000000003,0.004183617910146713,99.9,0.2625813725948334,93.83,26.33076548576355
155,0.00010000000000000003,0.0036769429358839987,99.928,0.26205054664611815,93.93,26.55845856666565
156,0.00010000000000000003,0.003521291821189225,99.932,0.2606765941143036,93.91,27.987775325775146
157,0.00010000000000000003,0.003954418233409524,99.914,0.2618530894041061,93.88,26.757290601730347
158,0.00010000000000000003,0.003845439369380474,99.924,0.26211825218200685,93.93,26.847379446029663
159,0.00010000000000000003,0.003443655094616115,99.944,0.2602353192329407,93.8,26.405264854431152
160,0.00010000000000000003,0.003226782250329852,99.946,0.2597589705944061,93.95,27.07893443107605
161,0.00010000000000000003,0.003237311198785901,99.944,0.2616661625623703,93.93,26.97979974746704
162,0.00010000000000000003,0.003352120434343815,99.942,0.26114367294311525,93.83,26.938570261001587
163,0.00010000000000000003,0.0035850359401479364,99.934,0.26115152249336243,93.89,26.96513295173645
164,0.00010000000000000003,0.0035323537661135196,99.928,0.261366988825798,93.83,26.53104043006897
165,0.00010000000000000003,0.0033966715514659883,99.944,0.2608734978914261,93.93,26.256853342056274
166,0.00010000000000000003,0.0033205028196796773,99.936,0.26053377046585086,93.97,26.64417004585266
167,0.00010000000000000003,0.0033717854069173336,99.93,0.26346733992099763,93.86,27.264595985412598
168,0.00010000000000000003,0.0033496876813471316,99.924,0.2616726593255997,93.9,25.92409658432007
169,0.00010000000000000003,0.003063433252349496,99.948,0.2605131848096848,93.92,26.094678163528442
170,0.00010000000000000003,0.003011882722079754,99.948,0.2608882840156555,93.94,25.940505743026733
171,0.00010000000000000003,0.003274432669132948,99.93,0.26008910377025607,93.93,25.944689750671387
172,0.00010000000000000003,0.0032952283814549448,99.942,0.2604871599674225,93.93,25.925352334976196
173,0.00010000000000000003,0.0030855153731256723,99.956,0.2604124228000641,93.99,26.41213870048523
174,0.00010000000000000003,0.0034133757000789047,99.95,0.26194822757244113,93.96,26.64465022087097
175,0.00010000000000000003,0.0029509086978435515,99.958,0.2610466001987457,93.94,26.12584161758423
176,0.00010000000000000003,0.00338748200789094,99.936,0.26102186770439145,93.95,26.54975914955139
177,0.00010000000000000003,0.003089626433327794,99.948,0.2618724940538406,93.95,26.573802947998047
178,0.00010000000000000003,0.002960413200184703,99.958,0.2609714122772217,93.92,26.67869257926941
179,0.00010000000000000003,0.0031538749174773693,99.934,0.25962828378677366,94.06,26.784194231033325
180,0.00010000000000000003,0.002916394371688366,99.962,0.26089251987934114,93.99,26.645708799362183
181,0.00010000000000000003,0.0030331960503757,99.952,0.2604485866546631,93.93,26.14543056488037
182,0.00010000000000000003,0.0031196790551394223,99.948,0.26312702071666716,93.92,26.110002040863037
183,0.00010000000000000003,0.0032473931586742403,99.954,0.2619637778043747,93.9,26.33997917175293
184,0.00010000000000000003,0.0035911199326068162,99.918,0.261069567155838,93.99,26.162217140197754
185,0.00010000000000000003,0.002974396721273661,99.952,0.2599274748802185,94.01,26.12488603591919
186,0.00010000000000000003,0.003000711402371526,99.954,0.2615638453960419,93.97,26.33890151977539
187,0.00010000000000000003,0.0030207781925052405,99.936,0.26069230813980104,93.9,25.90372347831726
188,0.00010000000000000003,0.0030219980412721633,99.952,0.2606677111148834,93.88,26.166511058807373
189,0.00010000000000000003,0.0035845010240375995,99.932,0.2602342087507248,93.88,26.323601245880127
190,0.00010000000000000003,0.0027812831769883635,99.958,0.26209262483119966,93.93,26.135322093963623
191,0.00010000000000000003,0.0032092924792319535,99.944,0.2590774004936218,93.83,26.148854970932007
192,0.00010000000000000003,0.0030486644177138804,99.956,0.2610691077232361,93.89,25.94211196899414
193,0.00010000000000000003,0.00255107825525105,99.966,0.26056164910793306,93.96,26.14694356918335
194,0.00010000000000000003,0.0029602068508416414,99.954,0.2599885862827301,94.06,25.98108720779419
195,0.00010000000000000003,0.0031992814718186857,99.94,0.25954357907772063,94.06,25.90687346458435
196,0.00010000000000000003,0.0030395548874139785,99.948,0.259210470366478,94.04,26.36173987388611
197,0.00010000000000000003,0.002790542692318559,99.956,0.2592847170352936,93.94,25.881652355194092
198,0.00010000000000000003,0.003082151223346591,99.938,0.26169339683055876,93.99,25.96358823776245
199,0.00010000000000000003,0.003300805558077991,99.92,0.25954018239974974,94.03,25.92200779914856
200,0.00010000000000000003,0.0031642111641168595,99.944,0.2592588290929794,93.98,26.148616075515747
